[{
"id": "7654ca3b-ee41-4cf1-a699-b4bf6c02b21a",
"color": "#1f78b44d",
"png_index": 1,
"name": "Car",
"type": "background"
}, {
"id": "65534e2b-1159-4413-b40f-192364689985",
"color": "#e31a1c4d",
"png_index": 2,
"name": "Person",
"type": "background"
}, {
"id": "0207845a-b975-47d1-aff5-7d587d74f5a4",
"color": "#6a3d9a4d",
"png_index": 3,
"name": "Lights",
"type": "background"
}, {
"id": "be336c7f-2f13-4321-8606-62096f6bfd9c",
"color": "#ffff994d",
"png_index": 4,
"name": "Bicycles",
"type": "background"
}]